{
  "precision": 0.8833630210173412,
  "recall": 0.8487667138432158,
  "map50": 0.949870084896072,
  "map50-95": 0.6277144821479653,
  "metrics/precision(B)": 0.8833630210173412,
  "metrics/recall(B)": 0.8487667138432158,
  "metrics/mAP50(B)": 0.949870084896072,
  "metrics/mAP50-95(B)": 0.6277144821479653,
  "fitness": 0.659930042422776
}